number,Location,Z,D_min,D_max
1,Kaitaia,0.1,,
2,Paihia/Russell,0.1,,
3,Kaikohe,0.1,,
4,Whangarei,0.1,,
5,Dargaville,0.1,,
6,Warkworth,0.13,,
7,Auckland,0.13,,
8,Manakau City,0.13,,
9,Waiuku,0.13,,
10,Pukekohe,0.13,,
11,Thames,0.16,,
12,Paeroa,0.18,,
13,Waihi,0.18,,
14,Huntly,0.15,,
15,Ngaruawahia,0.15,,
16,Morrinsville,0.18,,
17,Te Aroha,0.18,,
18,Tauranga,0.2,,
19,Mount Maunganui,0.2,,
20,Hamilton,0.16,,
21,Cambridge,0.18,,
22,Te Awamutu,0.17,,
23,Matamata,0.19,,
24,Te Puke,0.22,,
25,Putaruru,0.21,,
26,Tokoroa,0.21,,
27,Otorohanga,0.17,,
28,Te Kuiti,0.18,,
29,Mangakino,0.21,,
30,Rotorua,0.24,,
31,Kawerau,0.29,,
32,Whakatane,0.3,,
33,Opotiki,0.3,,
34,Ruatoria,0.33,,
35,Murupara,0.3,,
36,Taupo,0.28,,
37,Taumarunui,0.21,,
38,Turangi,0.27,,
39,Gisborne,0.36,,
40,Wairoa,0.37,,
41,Waitara,0.18,,
42,New Plymouth,0.18,,
43,Inglewood,0.18,,
44,Stratford,0.18,,
45,Opunake,0.18,,
46,Hawera,0.18,,
47,Patea,0.19,,
48,Raetihi,0.26,,
49,Ohakune,0.27,,
50,Waiouru,0.29,,
51,Napier,0.38,,
52,Hastings,0.39,,
53,Wanganui,0.25,,
54,Waipawa,0.41,,
55,Waipukurau,0.41,,
56,Taihape,0.33,,
57,Marton,0.3,,
58,Bulls,0.31,,
59,Feilding,0.37,,
60,Palmerston North,0.38,8,16
61,Dannevirke,0.42,10,
62,Woodville,0.41,2,
63,Pahiatua,0.42,8,
64,Foxton/Foxton Beach,0.36,,
65,Levin,0.4,,
66,Otaki,0.4,,
67,Waikanae,0.4,15,20
68,Paraparaumu,0.4,14,20
69,Masterton,0.42,6,10
70,Porirua,0.4,8,12
71,Wellington CBD (north of Basin Reserve) ,0.4,2,
72,Wellington,0.4,0,8
73,Hutt Valley-south of Taita Gorge ,0.4,0,4
74,Upper Hutt,0.4,0,4
75,Eastbourne-Point Howard,0.4,0,4
76,Wainuiomata,0.4,5,8
77,Takaka,0.23,,
78,Motueka,0.26,,
79,Nelson,0.27,,
80,Picton,0.3,16,
81,Blenheim,0.33,0,
82,St Arnaud,0.36,0,5
83,Westport,0.3,,
84,Reefton,0.37,,
85,Murchison,0.34,,
86,Springs Junction,0.45,3,
87,Hanmer Springs,0.55,2,6
88,Seddon,0.4,6,
89,Ward,0.4,4,
90,Cheviot,0.4,,
91,Greymouth,0.37,,
92,Kaikoura,0.42,12,
93,Harihari,0.46,4,
94,Hokitika,0.45,,
95,Fox Glacier,0,2,
96,Franz Josef,0,2,
97,Otira,0.6,3,
98,Arthurs Pass,1,12,
99,Rangiora,0.33,,
100,Darfield,0.3,,
101,Akaroa,0.3,,
102,Christchurch,0.3,,
103,Geraldine,0.19,,
104,Ashburton,0.2,,
105,Fairlie,0.24,,
106,Temuka,0.17,,
107,Timaru,0.15,,
108,Mt Cook,0,,
109,Twizel,0.27,,
110,Waimate,0.14,,
111,Cromwell,0.24,,
112,Wanaka,0.3,,
113,Arrowtown,0.3,,
114,Alexandra,0.21,,
115,Queenstown,0.32,,
116,Milford Sound,1,,
117,Palmerston,0.13,,
118,Oamaru,0.13,,
119,Dunedin,0.13,,
120,Mosgiel,0.13,,
121,Riverton,0.2,,
122,Te Anau,0,,
123,Gore,0.18,,
124,Winton,0.2,,
125,Balclutha,0.13,,
126,Mataura,0.17,,
127,Bluff,0.15,,
128,Invercargill,0.17,,
129,Oban,0.14,,
