lon,lat
180.189,-36.793
179.838,-37.4758
179.569,-38.2045
179.57,-38.2
179.37,-38.54
179.21,-38.89
179.12,-39.23
178.95,-39.68
178.79,-40.09
178.56,-40.42
178.29,-40.8
178.02,-41.19
177.6,-41.5
177.12,-41.66
176.68,-41.75
176.08,-41.91
175.5,-42.06
174.98,-42.12
174.31,-42.2
173.804,-42.259
173.804,-42.259
173.802,-42.26
173.801,-42.261
173.799,-42.262
173.797,-42.263
173.795,-42.264
173.792,-42.265
173.79,-42.266
173.788,-42.266
173.785,-42.267
173.784,-42.269
173.782,-42.27
173.781,-42.272
173.779,-42.272
173.778,-42.273
173.777,-42.273
173.776,-42.274
173.774,-42.274
173.773,-42.274
173.768,-42.275
173.766,-42.275
173.764,-42.276
173.762,-42.277
173.76,-42.277
173.758,-42.278
173.755,-42.278
173.753,-42.278
173.75,-42.279
173.747,-42.279
173.746,-42.279
173.744,-42.28
173.719,-42.294
173.719,-42.295
173.717,-42.296
173.713,-42.297
173.71,-42.299
173.708,-42.3
173.705,-42.301
173.703,-42.302
173.7,-42.304
173.697,-42.305
173.695,-42.306
173.692,-42.307
173.689,-42.308
173.688,-42.308
173.686,-42.309
173.684,-42.309
173.683,-42.31
173.673,-42.315
173.671,-42.316
173.669,-42.317
173.667,-42.318
173.664,-42.319
173.661,-42.32
173.658,-42.322
173.656,-42.323
173.653,-42.324
173.65,-42.326
173.648,-42.327
173.645,-42.328
173.643,-42.329
173.64,-42.33
173.637,-42.332
173.634,-42.334
173.631,-42.336
173.626,-42.337
173.622,-42.338
173.618,-42.339
173.614,-42.341
173.61,-42.342
173.607,-42.343
173.603,-42.344
173.599,-42.345
173.595,-42.346
173.591,-42.347
173.586,-42.349
173.582,-42.351
173.577,-42.352
173.573,-42.353
173.571,-42.353
173.567,-42.352
173.566,-42.352
173.564,-42.353
173.562,-42.353
173.548,-42.351
173.547,-42.352
173.545,-42.353
173.544,-42.353
173.542,-42.354
173.54,-42.355
173.538,-42.356
173.536,-42.357
173.534,-42.358
173.532,-42.358
173.53,-42.358
173.529,-42.358
173.528,-42.359
173.526,-42.359
173.521,-42.36
173.519,-42.36
173.517,-42.36
173.514,-42.363
173.512,-42.363
173.51,-42.364
173.508,-42.364
173.507,-42.365
173.504,-42.365
173.5,-42.368
173.497,-42.368
173.496,-42.369
173.494,-42.37
173.491,-42.371
173.489,-42.372
173.487,-42.372
173.486,-42.372
173.477,-42.375
173.474,-42.376
173.471,-42.377
173.468,-42.378
173.464,-42.379
173.461,-42.38
173.458,-42.38
173.456,-42.381
173.453,-42.381
173.45,-42.382
173.448,-42.383
173.445,-42.384
173.441,-42.385
173.439,-42.386
173.436,-42.387
173.433,-42.388
173.429,-42.389
173.427,-42.389
173.425,-42.39
173.423,-42.391
173.42,-42.391
173.414,-42.393
173.409,-42.394
173.404,-42.395
173.399,-42.396
173.394,-42.397
173.388,-42.398
173.384,-42.398
173.38,-42.399
173.376,-42.401
173.373,-42.402
173.37,-42.404
173.367,-42.405
173.365,-42.406
173.363,-42.407
173.361,-42.409
173.359,-42.409
173.357,-42.409
173.355,-42.409
173.353,-42.408
173.351,-42.408
173.349,-42.407
173.348,-42.407
173.305,-42.422
173.304,-42.422
173.302,-42.423
173.298,-42.424
173.295,-42.425
173.291,-42.426
173.288,-42.427
173.284,-42.429
173.281,-42.43
173.279,-42.431
173.278,-42.432
173.275,-42.434
173.275,-42.434
173.273,-42.435
173.27,-42.437
173.267,-42.439
173.264,-42.44
173.259,-42.441
173.255,-42.443
173.252,-42.444
173.247,-42.446
173.244,-42.447
173.241,-42.448
173.237,-42.449
173.234,-42.45
173.226,-42.453
173.222,-42.454
173.218,-42.455
173.215,-42.457
173.211,-42.458
173.209,-42.459
173.203,-42.462
173.202,-42.463
173.2,-42.464
173.196,-42.465
173.193,-42.466
173.19,-42.468
173.186,-42.469
173.182,-42.471
173.177,-42.473
173.176,-42.474
173.173,-42.475
173.168,-42.476
173.164,-42.478
173.161,-42.479
173.158,-42.481
173.157,-42.481
173.154,-42.483
173.151,-42.484
173.149,-42.484
173.145,-42.486
173.143,-42.487
173.141,-42.488
173.137,-42.489
173.133,-42.49
173.13,-42.49
173.128,-42.491
173.126,-42.491
173.124,-42.491
173.119,-42.491
173.117,-42.492
173.113,-42.494
173.108,-42.495
173.103,-42.496
173.1,-42.496
173.096,-42.498
173.092,-42.5
173.088,-42.503
173.084,-42.505
173.08,-42.507
173.076,-42.51
173.072,-42.512
173.067,-42.514
173.064,-42.515
173.059,-42.517
173.054,-42.518
173.049,-42.52
173.045,-42.522
173.04,-42.523
173.035,-42.526
173.03,-42.528
173.026,-42.529
173.023,-42.53
173.019,-42.531
173.014,-42.532
173.01,-42.533
173.006,-42.534
173.002,-42.535
172.996,-42.536
172.99,-42.537
172.984,-42.539
172.979,-42.541
172.975,-42.543
172.972,-42.544
172.966,-42.545
172.962,-42.546
172.957,-42.548
172.953,-42.549
172.949,-42.55
172.944,-42.551
172.939,-42.553
172.934,-42.554
172.929,-42.556
172.922,-42.557
172.916,-42.559
172.91,-42.561
172.905,-42.563
172.899,-42.565
172.893,-42.567
172.886,-42.568
172.88,-42.57
172.874,-42.571
172.868,-42.572
172.862,-42.573
172.856,-42.574
172.853,-42.575
172.848,-42.575
172.844,-42.576
172.84,-42.577
172.835,-42.577
172.829,-42.578
172.824,-42.578
172.817,-42.58
172.81,-42.581
172.806,-42.582
172.801,-42.583
172.799,-42.583
172.796,-42.584
172.792,-42.584
172.772,-42.564
172.774,-42.564
172.776,-42.564
172.777,-42.565
172.779,-42.565
172.781,-42.566
172.697,-42.559
172.695,-42.559
172.693,-42.56
172.692,-42.56
172.69,-42.561
172.688,-42.561
172.652,-42.576
172.651,-42.577
172.648,-42.578
172.646,-42.579
172.643,-42.58
172.639,-42.581
172.635,-42.582
172.631,-42.583
172.626,-42.584
172.621,-42.585
172.617,-42.586
172.612,-42.586
172.608,-42.587
172.602,-42.588
172.598,-42.588
172.595,-42.588
172.592,-42.589
172.589,-42.589
172.586,-42.59
172.583,-42.591
172.578,-42.592
172.574,-42.593
172.569,-42.593
172.564,-42.594
172.559,-42.595
172.553,-42.596
172.547,-42.596
172.543,-42.596
172.54,-42.596
172.537,-42.596
172.534,-42.597
172.532,-42.597
172.528,-42.598
172.525,-42.598
172.521,-42.598
172.509,-42.599
172.508,-42.599
172.504,-42.599
172.5,-42.6
172.496,-42.6
172.492,-42.6
172.488,-42.601
172.483,-42.601
172.479,-42.602
172.478,-42.601
172.474,-42.601
172.471,-42.602
172.467,-42.602
172.462,-42.603
172.457,-42.603
172.453,-42.604
172.449,-42.604
172.444,-42.604
172.44,-42.604
172.437,-42.604
172.428,-42.607
172.425,-42.607
172.423,-42.608
172.42,-42.608
172.418,-42.608
172.415,-42.608
172.411,-42.608
172.408,-42.608
172.406,-42.609
172.404,-42.609
172.395,-42.609
172.392,-42.61
172.388,-42.61
172.383,-42.61
172.379,-42.611
172.375,-42.611
172.37,-42.611
172.365,-42.611
172.36,-42.612
172.355,-42.612
172.35,-42.613
172.345,-42.613
172.338,-42.614
172.333,-42.614
172.329,-42.615
172.323,-42.615
172.317,-42.615
172.309,-42.617
172.301,-42.618
172.294,-42.618
172.287,-42.619
172.28,-42.621
172.274,-42.622
172.268,-42.623
172.266,-42.624
172.263,-42.625
172.259,-42.626
172.253,-42.628
172.247,-42.63
172.241,-42.632
172.235,-42.635
172.229,-42.637
172.223,-42.639
172.218,-42.641
172.212,-42.643
172.208,-42.645
172.2,-42.648
172.195,-42.65
172.19,-42.652
172.186,-42.653
172.18,-42.654
172.176,-42.655
172.173,-42.656
172.168,-42.657
172.163,-42.657
172.159,-42.658
172.153,-42.659
172.15,-42.66
172.145,-42.661
172.14,-42.662
172.134,-42.664
172.129,-42.666
172.125,-42.667
172.119,-42.67
172.115,-42.672
172.111,-42.674
172.106,-42.675
172.1,-42.677
172.091,-42.678
172.085,-42.679
172.079,-42.68
172.074,-42.68
172.07,-42.681
172.065,-42.683
172.059,-42.684
172.052,-42.685
172.048,-42.687
172.043,-42.688
172.04,-42.689
172.033,-42.691
172.027,-42.693
172.022,-42.695
172.018,-42.696
172.012,-42.697
172.007,-42.698
172.002,-42.698
172.001,-42.698
171.403,-42.756
171.401,-42.758
171.397,-42.76
171.394,-42.763
171.389,-42.765
171.385,-42.767
171.38,-42.769
171.375,-42.771
171.369,-42.772
171.364,-42.773
171.355,-42.774
171.349,-42.776
171.342,-42.779
171.335,-42.782
171.327,-42.786
171.32,-42.79
171.314,-42.793
171.31,-42.795
171.304,-42.796
171.297,-42.797
171.291,-42.8
171.285,-42.804
171.278,-42.808
171.271,-42.812
171.264,-42.817
171.258,-42.821
171.253,-42.825
171.249,-42.829
171.244,-42.834
171.241,-42.837
171.237,-42.841
171.234,-42.843
171.23,-42.845
171.225,-42.847
171.22,-42.849
171.214,-42.851
171.207,-42.852
171.202,-42.854
171.196,-42.856
171.191,-42.858
171.186,-42.859
171.181,-42.863
171.177,-42.866
171.175,-42.869
171.172,-42.872
171.169,-42.877
171.165,-42.881
171.163,-42.884
171.16,-42.885
171.157,-42.887
171.154,-42.888
171.151,-42.89
171.147,-42.892
171.144,-42.894
171.142,-42.896
171.14,-42.897
171.136,-42.898
171.132,-42.899
171.128,-42.901
171.125,-42.902
171.122,-42.903
171.118,-42.905
171.114,-42.907
171.111,-42.909
171.108,-42.911
171.105,-42.912
171.101,-42.915
171.097,-42.917
171.092,-42.92
171.09,-42.922
171.087,-42.925
171.083,-42.928
171.08,-42.931
171.078,-42.933
171.076,-42.935
171.075,-42.936
171.073,-42.937
171.071,-42.939
171.067,-42.942
171.064,-42.944
171.061,-42.947
171.058,-42.949
171.055,-42.952
171.051,-42.954
171.047,-42.956
171.044,-42.958
171.042,-42.959
171.04,-42.961
171.037,-42.962
171.033,-42.964
171.029,-42.965
171.026,-42.967
171.023,-42.968
171.022,-42.969
171.019,-42.97
171.017,-42.972
171.014,-42.973
171.013,-42.974
171.01,-42.976
171.008,-42.977
171.006,-42.978
171.004,-42.979
171.002,-42.98
170.999,-42.98
170.995,-42.981
170.988,-42.981
170.983,-42.982
170.978,-42.983
170.973,-42.985
170.97,-42.986
170.967,-42.988
170.964,-42.99
170.962,-42.991
170.959,-42.992
170.954,-42.995
170.951,-42.997
170.947,-42.999
170.944,-43.001
170.941,-43.003
170.938,-43.005
170.936,-43.007
170.933,-43.009
170.931,-43.012
170.928,-43.015
170.925,-43.016
170.922,-43.018
170.918,-43.02
170.915,-43.022
170.911,-43.024
170.908,-43.026
170.904,-43.027
170.899,-43.029
170.895,-43.031
170.891,-43.033
170.886,-43.035
170.883,-43.036
170.88,-43.038
170.878,-43.04
170.875,-43.043
170.871,-43.045
170.868,-43.047
170.864,-43.048
170.859,-43.049
170.855,-43.05
170.85,-43.053
170.846,-43.055
170.843,-43.057
170.839,-43.06
170.836,-43.062
170.833,-43.063
170.83,-43.065
170.827,-43.067
170.824,-43.068
170.821,-43.069
170.817,-43.07
170.813,-43.071
170.808,-43.073
170.804,-43.074
170.8,-43.076
170.796,-43.077
170.793,-43.078
170.789,-43.08
170.787,-43.08
170.784,-43.081
170.783,-43.082
170.78,-43.083
170.777,-43.084
170.773,-43.085
170.77,-43.086
170.767,-43.087
170.763,-43.089
170.76,-43.091
170.755,-43.093
170.752,-43.094
170.749,-43.096
170.746,-43.099
170.744,-43.101
170.74,-43.103
170.738,-43.104
170.735,-43.106
170.733,-43.108
170.731,-43.11
170.73,-43.112
170.728,-43.113
170.725,-43.115
170.722,-43.116
170.719,-43.117
170.715,-43.118
170.711,-43.119
170.707,-43.119
170.704,-43.12
170.701,-43.122
170.697,-43.123
170.692,-43.124
170.686,-43.125
170.682,-43.126
170.678,-43.128
170.674,-43.129
170.67,-43.131
170.666,-43.133
170.663,-43.134
170.66,-43.136
170.656,-43.139
170.653,-43.14
170.649,-43.144
170.646,-43.146
170.642,-43.147
170.639,-43.149
170.635,-43.152
170.631,-43.154
170.626,-43.156
170.62,-43.158
170.616,-43.16
170.612,-43.162
170.606,-43.164
170.603,-43.167
170.6,-43.168
170.597,-43.17
170.593,-43.172
170.588,-43.174
170.584,-43.177
170.582,-43.179
170.578,-43.182
170.573,-43.185
170.57,-43.187
170.565,-43.189
170.56,-43.19
170.555,-43.191
170.55,-43.192
170.546,-43.193
170.543,-43.194
170.54,-43.196
170.538,-43.198
170.535,-43.201
170.534,-43.203
170.531,-43.205
170.528,-43.208
170.525,-43.21
170.522,-43.212
170.518,-43.214
170.515,-43.216
170.511,-43.216
170.506,-43.217
170.502,-43.218
170.498,-43.219
170.494,-43.22
170.49,-43.221
170.487,-43.222
170.483,-43.224
170.48,-43.226
170.476,-43.228
170.473,-43.23
170.47,-43.233
170.467,-43.235
170.463,-43.238
170.46,-43.241
170.458,-43.243
170.455,-43.246
170.452,-43.248
170.45,-43.25
170.447,-43.253
170.445,-43.254
170.443,-43.255
170.441,-43.257
170.438,-43.259
170.435,-43.261
170.433,-43.263
170.43,-43.266
170.426,-43.268
170.423,-43.271
170.42,-43.273
170.418,-43.275
170.416,-43.277
170.414,-43.279
170.412,-43.281
170.411,-43.282
170.409,-43.284
170.408,-43.285
170.406,-43.286
170.404,-43.286
170.402,-43.286
170.4,-43.287
170.395,-43.287
170.392,-43.288
170.387,-43.289
170.383,-43.289
170.378,-43.29
170.372,-43.291
170.368,-43.292
170.364,-43.292
170.358,-43.293
170.352,-43.294
170.347,-43.295
170.343,-43.296
170.339,-43.296
170.337,-43.296
170.335,-43.298
170.333,-43.299
170.331,-43.301
170.328,-43.303
170.325,-43.305
170.323,-43.308
170.321,-43.31
170.32,-43.312
170.317,-43.314
170.314,-43.316
170.31,-43.319
170.306,-43.321
170.302,-43.323
170.3,-43.326
170.298,-43.328
170.295,-43.33
170.291,-43.332
170.289,-43.334
170.287,-43.335
170.284,-43.337
170.282,-43.338
170.28,-43.34
170.278,-43.341
170.277,-43.342
170.275,-43.343
170.273,-43.343
170.271,-43.344
170.268,-43.345
170.266,-43.346
170.265,-43.346
170.265,-43.346
170.262,-43.347
170.259,-43.347
170.255,-43.348
170.252,-43.349
170.248,-43.35
170.244,-43.352
170.242,-43.353
170.239,-43.355
170.236,-43.357
170.234,-43.36
170.232,-43.362
170.23,-43.364
170.229,-43.366
170.226,-43.368
170.224,-43.369
170.221,-43.371
170.218,-43.373
170.215,-43.374
170.211,-43.376
170.207,-43.377
170.204,-43.379
170.2,-43.38
170.197,-43.382
170.194,-43.384
170.192,-43.385
170.189,-43.387
170.187,-43.389
170.184,-43.391
170.181,-43.393
170.178,-43.394
170.176,-43.396
170.173,-43.397
170.17,-43.399
170.166,-43.401
170.162,-43.402
170.158,-43.404
170.155,-43.405
170.151,-43.406
170.147,-43.407
170.144,-43.408
170.142,-43.409
170.138,-43.41
170.136,-43.412
170.134,-43.413
170.13,-43.416
170.127,-43.417
170.124,-43.42
170.12,-43.422
170.118,-43.424
170.115,-43.426
170.113,-43.427
170.11,-43.429
170.107,-43.43
170.103,-43.431
170.101,-43.433
170.098,-43.434
170.093,-43.435
170.091,-43.436
170.086,-43.439
170.083,-43.44
170.079,-43.442
170.076,-43.444
170.072,-43.446
170.068,-43.448
170.065,-43.449
170.061,-43.449
170.057,-43.45
170.053,-43.452
170.049,-43.454
170.046,-43.456
170.042,-43.458
170.04,-43.46
170.035,-43.463
170.031,-43.465
170.028,-43.467
170.023,-43.47
170.019,-43.472
170.016,-43.474
170.011,-43.477
170.008,-43.478
170.005,-43.48
170.002,-43.481
169.997,-43.483
169.994,-43.484
169.991,-43.485
169.986,-43.487
169.98,-43.49
169.977,-43.492
169.973,-43.495
169.97,-43.497
169.966,-43.5
169.961,-43.502
169.958,-43.503
169.954,-43.503
169.948,-43.506
169.944,-43.507
169.942,-43.508
169.939,-43.509
169.936,-43.51
169.931,-43.513
169.926,-43.515
169.923,-43.516
169.918,-43.518
169.914,-43.519
169.91,-43.521
169.906,-43.523
169.904,-43.525
169.9,-43.526
169.896,-43.528
169.89,-43.53
169.886,-43.531
169.883,-43.532
169.879,-43.534
169.874,-43.536
169.871,-43.538
169.868,-43.539
169.866,-43.541
169.865,-43.543
169.863,-43.544
169.859,-43.547
169.857,-43.549
169.855,-43.55
169.852,-43.551
169.848,-43.553
169.846,-43.554
169.843,-43.556
169.839,-43.558
169.835,-43.56
169.833,-43.561
169.832,-43.562
169.83,-43.563
169.829,-43.564
169.827,-43.566
169.824,-43.568
169.821,-43.57
169.818,-43.571
169.816,-43.573
169.78,-43.582
169.779,-43.583
169.777,-43.584
169.776,-43.585
169.774,-43.587
169.772,-43.588
169.769,-43.59
169.767,-43.591
169.765,-43.592
169.762,-43.594
169.758,-43.595
169.754,-43.597
169.751,-43.599
169.747,-43.601
169.742,-43.603
169.739,-43.605
169.736,-43.608
169.733,-43.611
169.731,-43.613
169.728,-43.615
169.726,-43.615
169.722,-43.616
169.718,-43.617
169.714,-43.617
169.711,-43.618
169.708,-43.619
169.704,-43.621
169.701,-43.623
169.697,-43.625
169.694,-43.627
169.69,-43.628
169.687,-43.629
169.684,-43.63
169.68,-43.631
169.676,-43.633
169.673,-43.634
169.668,-43.635
169.664,-43.636
169.66,-43.637
169.656,-43.638
169.652,-43.639
169.649,-43.64
169.646,-43.641
169.643,-43.642
169.641,-43.643
169.639,-43.644
169.637,-43.645
169.635,-43.645
169.632,-43.647
169.628,-43.648
169.625,-43.649
169.622,-43.651
169.618,-43.653
169.614,-43.655
169.61,-43.656
169.607,-43.658
169.604,-43.66
169.601,-43.663
169.598,-43.665
169.595,-43.667
169.591,-43.668
169.586,-43.67
169.582,-43.672
169.577,-43.674
169.573,-43.675
169.569,-43.676
169.565,-43.678
169.56,-43.68
169.555,-43.682
169.552,-43.685
169.548,-43.687
169.545,-43.689
169.539,-43.692
169.535,-43.695
169.531,-43.698
169.527,-43.701
169.522,-43.703
169.519,-43.706
169.515,-43.709
169.512,-43.712
169.51,-43.713
169.508,-43.715
169.507,-43.716
169.473,-43.717
169.471,-43.717
169.469,-43.718
169.465,-43.72
169.459,-43.721
169.457,-43.723
169.453,-43.724
169.448,-43.727
169.444,-43.729
169.442,-43.731
169.438,-43.733
169.434,-43.736
169.431,-43.738
169.429,-43.74
169.425,-43.742
169.422,-43.744
169.419,-43.746
169.417,-43.747
169.413,-43.749
169.41,-43.752
169.406,-43.754
169.405,-43.755
169.403,-43.756
169.399,-43.759
169.395,-43.761
169.391,-43.764
169.386,-43.767
169.382,-43.77
169.377,-43.772
169.373,-43.774
169.369,-43.777
169.365,-43.779
169.361,-43.782
169.357,-43.784
169.351,-43.786
169.346,-43.788
169.341,-43.79
169.337,-43.791
169.333,-43.792
169.328,-43.793
169.325,-43.794
169.32,-43.796
169.315,-43.798
169.312,-43.799
169.309,-43.801
169.305,-43.802
169.3,-43.804
169.294,-43.806
169.289,-43.809
169.285,-43.811
169.281,-43.813
169.276,-43.815
169.271,-43.817
169.267,-43.819
169.262,-43.821
169.259,-43.822
169.256,-43.823
169.252,-43.825
169.246,-43.827
169.239,-43.83
169.232,-43.833
169.226,-43.835
169.222,-43.837
169.218,-43.839
169.214,-43.84
169.205,-43.844
169.199,-43.846
169.194,-43.848
169.191,-43.85
169.186,-43.852
169.181,-43.854
169.173,-43.858
169.168,-43.86
169.164,-43.862
169.161,-43.863
169.158,-43.865
169.155,-43.866
169.151,-43.868
169.146,-43.87
169.143,-43.871
169.141,-43.872
169.138,-43.873
169.134,-43.875
169.13,-43.877
169.128,-43.878
169.127,-43.88
169.125,-43.881
169.123,-43.882
169.12,-43.884
169.116,-43.886
169.113,-43.887
169.109,-43.89
169.106,-43.891
169.102,-43.894
169.098,-43.896
169.094,-43.897
169.09,-43.899
169.086,-43.901
169.083,-43.903
169.079,-43.905
169.068,-43.909
169.066,-43.91
169.063,-43.911
169.059,-43.912
169.056,-43.914
169.052,-43.915
169.048,-43.917
169.045,-43.919
169.041,-43.92
169.037,-43.922
169.033,-43.923
169.029,-43.925
169.025,-43.926
169.02,-43.927
169.017,-43.929
169.014,-43.93
169.01,-43.932
169.006,-43.934
169.002,-43.936
168.997,-43.938
168.993,-43.941
168.988,-43.943
168.985,-43.945
168.982,-43.946
168.979,-43.947
168.974,-43.949
168.97,-43.951
168.966,-43.952
168.963,-43.954
168.959,-43.955
168.954,-43.958
168.95,-43.959
168.947,-43.961
168.943,-43.963
168.939,-43.964
168.936,-43.966
168.933,-43.967
168.931,-43.968
168.929,-43.969
168.927,-43.97
168.925,-43.971
168.922,-43.972
168.918,-43.974
168.915,-43.975
168.911,-43.977
168.906,-43.979
168.902,-43.981
168.898,-43.983
168.893,-43.985
168.89,-43.987
168.885,-43.989
168.882,-43.992
168.878,-43.993
168.875,-43.995
168.871,-43.998
168.866,-43.999
168.862,-44.001
168.859,-44.002
168.856,-44.004
168.854,-44.005
168.85,-44.007
168.848,-44.009
168.844,-44.01
168.841,-44.012
168.839,-44.013
168.836,-44.014
168.832,-44.015
168.829,-44.017
168.825,-44.018
168.821,-44.019
168.818,-44.02
168.813,-44.022
168.811,-44.023
168.807,-44.025
168.803,-44.026
168.8,-44.028
168.795,-44.03
168.79,-44.032
168.785,-44.034
168.779,-44.036
168.774,-44.038
168.77,-44.039
168.766,-44.041
168.762,-44.043
168.758,-44.045
168.753,-44.046
168.748,-44.048
168.744,-44.049
168.74,-44.051
168.736,-44.053
168.731,-44.055
168.728,-44.056
168.725,-44.057
168.721,-44.058
168.719,-44.059
168.716,-44.06
168.713,-44.062
168.71,-44.063
168.708,-44.064
168.704,-44.066
168.701,-44.067
168.698,-44.069
168.694,-44.07
168.692,-44.072
168.688,-44.074
168.685,-44.075
168.681,-44.077
168.677,-44.079
168.674,-44.081
168.671,-44.082
168.667,-44.083
168.664,-44.084
168.66,-44.086
168.657,-44.087
168.652,-44.089
168.647,-44.091
168.641,-44.094
168.636,-44.096
168.631,-44.098
168.626,-44.099
168.622,-44.101
168.618,-44.102
168.613,-44.105
168.609,-44.106
168.604,-44.109
168.599,-44.112
168.594,-44.114
168.59,-44.117
168.586,-44.119
168.581,-44.121
168.577,-44.124
168.572,-44.126
168.568,-44.128
168.563,-44.13
168.559,-44.132
168.553,-44.135
168.547,-44.138
168.542,-44.14
168.539,-44.142
168.536,-44.144
168.531,-44.146
168.527,-44.149
168.522,-44.151
168.518,-44.153
168.513,-44.157
168.509,-44.159
168.506,-44.162
168.502,-44.165
168.498,-44.168
168.493,-44.172
168.49,-44.175
168.489,-44.177
168.488,-44.178
168.486,-44.18
168.483,-44.183
168.48,-44.185
168.477,-44.188
168.475,-44.19
168.471,-44.192
168.467,-44.195
168.463,-44.197
168.459,-44.198
168.452,-44.202
168.446,-44.205
168.44,-44.207
168.435,-44.209
168.427,-44.211
168.421,-44.211
168.416,-44.212
168.411,-44.213
168.405,-44.214
168.401,-44.215
168.396,-44.217
168.392,-44.218
168.388,-44.22
168.384,-44.221
168.38,-44.223
168.376,-44.225
168.372,-44.228
168.369,-44.23
168.365,-44.232
168.361,-44.234
168.358,-44.236
168.356,-44.237
168.354,-44.238
168.351,-44.239
168.347,-44.241
168.345,-44.242
168.344,-44.242
168.338,-44.242
168.335,-44.244
168.332,-44.246
168.329,-44.247
168.325,-44.249
168.323,-44.251
168.321,-44.252
168.318,-44.254
168.316,-44.255
168.314,-44.257
168.312,-44.258
168.31,-44.259
168.309,-44.26
168.307,-44.262
168.307,-44.262
168.306,-44.263
168.306,-44.264
168.305,-44.265
168.303,-44.266
168.3,-44.268
168.296,-44.27
168.292,-44.272
168.289,-44.274
168.287,-44.275
168.284,-44.277
168.282,-44.278
168.281,-44.279
168.28,-44.28
168.276,-44.283
168.273,-44.285
168.27,-44.287
168.267,-44.288
168.264,-44.29
168.262,-44.292
168.26,-44.293
168.258,-44.295
168.256,-44.296
168.255,-44.297
168.252,-44.298
168.251,-44.298
168.25,-44.299
168.248,-44.3
168.247,-44.301
168.246,-44.302
168.245,-44.302
168.244,-44.303
168.242,-44.304
168.241,-44.305
168.237,-44.307
168.235,-44.308
168.232,-44.31
168.229,-44.312
168.226,-44.313
168.223,-44.315
168.221,-44.316
168.218,-44.318
168.214,-44.321
168.212,-44.323
168.209,-44.325
168.206,-44.327
168.204,-44.329
168.201,-44.33
168.198,-44.332
168.195,-44.334
168.193,-44.335
168.191,-44.336
168.19,-44.337
168.189,-44.337
168.187,-44.338
168.186,-44.339
168.185,-44.34
168.184,-44.34
168.183,-44.341
168.182,-44.342
168.178,-44.343
168.176,-44.344
168.173,-44.346
168.17,-44.348
168.166,-44.349
168.163,-44.35
168.16,-44.351
168.157,-44.353
168.154,-44.354
168.15,-44.355
168.147,-44.356
168.145,-44.357
168.142,-44.358
168.141,-44.359
168.139,-44.359
168.138,-44.359
168.137,-44.36
168.136,-44.36
168.135,-44.361
168.134,-44.361
168.132,-44.362
168.132,-44.362
168.131,-44.363
168.127,-44.364
168.126,-44.365
168.124,-44.365
168.123,-44.366
168.121,-44.367
168.118,-44.369
168.117,-44.37
168.114,-44.371
168.112,-44.372
168.111,-44.373
168.109,-44.374
168.108,-44.374
168.106,-44.376
168.104,-44.377
168.102,-44.379
168.1,-44.38
168.097,-44.382
168.095,-44.384
168.093,-44.386
168.091,-44.388
168.09,-44.389
168.089,-44.39
168.087,-44.392
168.087,-44.393
168.085,-44.394
168.082,-44.396
168.08,-44.398
168.078,-44.399
168.075,-44.401
168.072,-44.403
168.069,-44.404
168.067,-44.406
168.064,-44.408
168.062,-44.408
168.061,-44.409
168.059,-44.41
168.058,-44.411
168.057,-44.411
168.056,-44.412
168.055,-44.414
168.053,-44.415
168.05,-44.417
168.048,-44.418
168.045,-44.42
168.043,-44.421
168.041,-44.423
168.038,-44.424
168.036,-44.425
168.033,-44.427
168.03,-44.428
168.028,-44.43
168.026,-44.431
168.025,-44.431
168.024,-44.433
168.022,-44.433
168.021,-44.434
168.018,-44.436
168.016,-44.437
168.014,-44.438
168.012,-44.44
168.009,-44.442
168.006,-44.443
168.004,-44.445
168,-44.447
167.998,-44.448
167.994,-44.45
167.992,-44.451
167.99,-44.453
167.987,-44.453
167.985,-44.454
167.982,-44.455
167.98,-44.455
167.978,-44.456
167.978,-44.456
167.978,-44.456
167.9598,-44.4723
167.8,-44.5536
167.6377,-44.6364
167.5311,-44.691
167.4093,-44.7598
167.2134,-44.892
167.0733,-44.9995
166.9483,-45.1069
166.8872,-45.1525
166.7878,-45.2368
166.6425,-45.3507
166.6015,-45.3981
166.4839,-45.5136
166.4069,-45.6063
166.3221,-45.7147
166.2605,-45.7932
166.1936,-45.8855
166.1243,-45.9672
166.0832,-46.0193
165.9829,-46.1529
165.9314,-46.2256
165.9184,-46.2499
165.8851,-46.2896
165.8491,-46.3328
165.8156,-46.3846
165.7947,-46.4278
165.7688,-46.4744
165.7349,-46.5451
165.6985,-46.6209
165.6747,-46.6863
165.6381,-46.7688
165.6039,-46.8598
165.5915,-47.0253
165.5915,-47.0253
165.5928,-47.0262
165.5848,-47.0435
165.5808,-47.0507
165.5768,-47.0662
165.586,-47.1279
165.5992,-47.1769
165.6004,-47.2385
165.5749,-47.3244
165.5307,-47.4264
165.4879,-47.5057
165.441,-47.593
165.3956,-47.672
165.3514,-47.7438
165.3206,-47.8065
165.2898,-47.8995
165.2816,-47.9727
165.2735,-48.0334
165.2547,-48.102
165.2159,-48.1732
165.1584,-48.2478
165.0902,-48.3293
165.0127,-48.4055
164.9219,-48.4956
164.8257,-48.575
164.7375,-48.6569
164.66,-48.7448
164.5731,-48.8493
164.4982,-48.9632
164.4674,-49.0454
164.4192,-49.1161
164.3377,-49.205
164.3123,-49.2346
164.2722,-49.2789
164.2348,-49.3354
164.2053,-49.3979
164.1692,-49.436
164.0797,-49.5001
164.0129,-49.5589
163.9435,-49.6332
163.8753,-49.6866
163.7391,-49.7891
163.6884,-49.8209
163.6082,-49.875
163.5495,-49.9033
163.44,-49.9633
163.2931,-50.0677
163.1769,-50.1582
163.0608,-50.2375
162.9539,-50.315
162.8044,-50.4033
162.6588,-50.4924
162.5573,-50.566
162.4091,-50.6725
162.3396,-50.7341
162.2862,-50.7939
162.1927,-50.857
162.1152,-50.9108
161.9951,-50.9947
161.8815,-51.086
161.788,-51.1588
161.6758,-51.2748
161.5194,-51.442
161.4099,-51.5142
161.3444,-51.5788
161.2869,-51.6442
161.2161,-51.7095
161.1386,-51.7804
161.041,-51.8858
160.9795,-51.9606
160.91,-52.0312
160.8232,-52.1221
160.7376,-52.2103
160.6761,-52.2797
160.6254,-52.3359
160.5398,-52.418
160.4517,-52.4903
160.3768,-52.5697
160.2859,-52.6531
160.1483,-52.7693
160.0842,-52.8225
159.9947,-52.9045
159.9426,-52.9463
159.8611,-53.0257
159.7715,-53.1217
159.7194,-53.1729
159.6887,-53.1904
159.6046,-53.2519
159.5043,-53.3466
159.4322,-53.4166
159.3733,-53.4848
159.3172,-53.5498
159.3172,-53.549
159.2958,-53.5624
159.2424,-53.6123
159.2183,-53.6478
159.1701,-53.7291
159.1366,-53.8197
159.083,-53.9188
159.0281,-54.0105
158.9839,-54.113
158.9356,-54.2269
158.8647,-54.3537
158.8164,-54.4469
158.8003,-54.5026
158.7748,-54.5614
158.732,-54.624
158.7012,-54.6772
158.6717,-54.7526
158.6529,-54.8142
158.6447,-54.9001
158.6299,-54.979
158.6044,-55.0547
158.5775,-55.1279
158.5774,-55.1782
158.5786,-55.217
158.5532,-55.2839
158.5277,-55.3378
158.5049,-55.412
158.474,-55.477
158.4713,-55.4982
158.4579,-55.5525
158.4391,-55.6022
158.3935,-55.6933
158.3694,-55.7458
158.3332,-55.826
158.3091,-55.8799
158.2769,-55.9449
158.2581,-56.0098
158.2407,-56.0493
158.2018,-56.1177
158.183,-56.1741
158.1322,-56.2386
158.0627,-56.3104
157.9998,-56.3887
157.9502,-56.4889
157.9181,-56.5595
157.8846,-56.6307
157.839,-56.7113
157.8162,-56.761
157.7894,-56.8478
157.7425,-56.9367
157.7063,-57.0195
157.6874,-57.0971
157.6739,-57.1723
157.6497,-57.2517
157.6348,-57.3324
157.6373,-57.4065
157.6385,-57.4661
157.6356,-57.5549
157.6221,-57.647
157.6339,-57.7176
157.6456,-57.8257
157.6894,-57.9236
157.7239,-57.9909
157.7611,-58.0558
157.8142,-58.1299
157.8474,-58.1778
157.8966,-58.2593
157.9444,-58.3504
158.0082,-58.435
158.0587,-58.4964
158.0945,-58.5514
158.1464,-58.6189
158.2156,-58.6855
158.2821,-58.7458
158.4045,-58.8606
158.4231,-58.884
158.4723,-58.9412
158.5042,-58.9907
158.5454,-59.0162
158.6093,-59.0519
158.6919,-59.0999
158.7545,-59.1396
158.841,-59.208
158.9168,-59.2647
158.998,-59.3335
159.0792,-59.4036
159.1377,-59.4538
159.2055,-59.5249
159.2707,-59.5966
159.3598,-59.6829
159.4516,-59.7636
159.5434,-59.8321
159.6114,-59.873
159.6952,-59.9346
159.803,-60.0014
159.9149,-60.0661
160.0268,-60.1194
160.1679,-60.2084
160.2558,-60.2607
160.3676,-60.3156
160.4435,-60.35
160.5541,-60.4041
160.598,-60.4206
160.6367,-60.4378
160.6713,-60.4569
160.6912,-60.4792
